﻿designator,quantity,value,pack,mpn,mount_type
"C1, C10, C11, C12, C13, C14, C15, C16, C17, C18, C19, C2, C20, C21, C22, C23, C24, C25, C26, C27, C28, C29, C3, C30, C31, C32, C33, C34, C35, C36, C37, C38, C39, C4, C40, C41, C42, C43, C44, C45, C46, C47, C48, C49, C5, C50, C51, C52, C53, C54, C55, C56, C57, C58, C59, C6, C60, C61, C62, C63, C64, C65, C66, C67, C68, C69, C7, C70, C71, C72, C73, C74, C75, C76, C77, C78, C79, C8, C80, C81, C82, C83, C84, C85, C86, C87, C88, C9, C95",89,0.1uf,C_0603_1608Metric,,smt
"C100, C101, C102, C103, C104",5,22uf,C_0603_1608Metric,,smt
"C89, C92",2,10u,C_0603_1608Metric,,smt
C90,1,470pF,C_0603_1608Metric,,smt
C91,1,2.2uF,C_0805_2012Metric,,smt
"C93, C96, C97, C98, C99",5,10uf,C_0603_1608Metric,,smt
C94,1,1uf,C_0603_1608Metric,,smt
"D1, D2, D3, D4, D5",5,LED,LED_0603_1608Metric,,smt
"IC1, IC2",2,74HC595D,74HC595DQ100118,,smt
"J1, J4",2,Conn_01x02_Male,JST_PH_S2B-PH-SM4-TB_1x02-1MP_P2.00mm_Horizontal,,smt
J2,1,USB_C_Receptacle_USB2.0,USB_C_Receptacle_HRO_TYPE-C-31-M-12,,smt
J3,1,Conn_01x08,JST_PH_S8B-PH-SM4-TB_1x08-1MP_P2.00mm_Horizontal,,smt
L1,1,1uH,IND1uh,,smt
LED2,1,POW_LED,LED_0603_1608Metric,,smt
"R1, R2",2,5.1K,R_0603_1608Metric,,smt
R10,1,20R,R_0603_1608Metric,,smt
"R11, R8",2,2R,R_0603_1608Metric,,smt
"R3, R4, R9",3,10k,R_0603_1608Metric,,smt
"R5, R6",2,27R,R_0603_1608Metric,,smt
R7,1,470R,R_0603_1608Metric,,smt
"RGB1, RGB10, RGB11, RGB12, RGB13, RGB14, RGB15, RGB16, RGB17, RGB18, RGB19, RGB2, RGB20, RGB21, RGB22, RGB23, RGB24, RGB25, RGB26, RGB27, RGB28, RGB29, RGB3, RGB30, RGB31, RGB32, RGB33, RGB34, RGB35, RGB36, RGB37, RGB38, RGB39, RGB4, RGB40, RGB41, RGB42, RGB43, RGB44, RGB45, RGB46, RGB47, RGB48, RGB49, RGB5, RGB50, RGB51, RGB52, RGB53, RGB54, RGB55, RGB56, RGB57, RGB58, RGB59, RGB6, RGB60, RGB61, RGB62, RGB63, RGB64, RGB65, RGB66, RGB67, RGB68, RGB69, RGB7, RGB70, RGB71, RGB72, RGB73, RGB74, RGB75, RGB76, RGB77, RGB78, RGB79, RGB8, RGB80, RGB81, RGB82, RGB83, RGB84, RGB85, RGB86, RGB87, RGB88, RGB9",88,SK6812MINI-E_C5149201,SK6812MINI-E_1,,tht
SW1,1,Boot,Tactile 3x4x2mm TS-A010,,smt
SW2,1,RST,Tactile 3x4x2mm TS-A010,,smt
SW3,1,Boot,SW-SMD_TS24CA,,tht
U1,1,IP5306,IP5306-SOP8,,smt
U3,1,ESP32-S3-WROOM-1,ESP32-S3-WROOM-1,,smt
U6,1,MIC5219-3.3YM5,SOT-23-5,,smt
