﻿pos_x,pos_y,rotation,side,designator,mpn,pack,value,mount_type,place
62.59,-79.415,0.0,bottom,C1,,C_0603_1608Metric,0.1uf,smt,True
126.81,-135.585,0.0,bottom,C10,,C_0603_1608Metric,0.1uf,smt,True
204.663,-29.974,90.0,bottom,C100,,C_0603_1608Metric,22uf,smt,True
207.862,-29.938,90.0,bottom,C101,,C_0603_1608Metric,22uf,smt,True
198.734,-40.456,180.0,bottom,C102,,C_0603_1608Metric,22uf,smt,True
198.736,-41.97,180.0,bottom,C103,,C_0603_1608Metric,22uf,smt,True
198.729,-38.915,180.0,bottom,C104,,C_0603_1608Metric,22uf,smt,True
143.11,-113.955,0.0,bottom,C11,,C_0603_1608Metric,0.1uf,smt,True
143.11,-98.005,0.0,bottom,C12,,C_0603_1608Metric,0.1uf,smt,True
143.11,-81.945,0.0,bottom,C13,,C_0603_1608Metric,0.1uf,smt,True
143.55,-66.035,0.0,bottom,C14,,C_0603_1608Metric,0.1uf,smt,True
143.57,-50.015,0.0,bottom,C15,,C_0603_1608Metric,0.1uf,smt,True
143.11,-33.965,0.0,bottom,C16,,C_0603_1608Metric,0.1uf,smt,True
151.49,-39.535,180.0,bottom,C17,,C_0603_1608Metric,0.1uf,smt,True
151.49,-55.565,180.0,bottom,C18,,C_0603_1608Metric,0.1uf,smt,True
151.49,-71.445,180.0,bottom,C19,,C_0603_1608Metric,0.1uf,smt,True
86.8,-55.115,0.0,bottom,C2,,C_0603_1608Metric,0.1uf,smt,True
151.49,-87.585,180.0,bottom,C20,,C_0603_1608Metric,0.1uf,smt,True
151.49,-103.555,180.0,bottom,C21,,C_0603_1608Metric,0.1uf,smt,True
151.49,-119.585,180.0,bottom,C22,,C_0603_1608Metric,0.1uf,smt,True
167.52,-39.545,180.0,bottom,C23,,C_0603_1608Metric,0.1uf,smt,True
167.52,-55.585,180.0,bottom,C24,,C_0603_1608Metric,0.1uf,smt,True
230.74,-55.025,0.0,bottom,C25,,C_0603_1608Metric,0.1uf,smt,True
248.57,-74.105,180.0,bottom,C26,,C_0603_1608Metric,0.1uf,smt,True
223.73,-96.815,180.0,bottom,C27,,C_0603_1608Metric,0.1uf,smt,True
206.54,-79.825,0.0,bottom,C28,,C_0603_1608Metric,0.1uf,smt,True
167.52,-71.555,180.0,bottom,C29,,C_0603_1608Metric,0.1uf,smt,True
106.12,-73.825,0.0,bottom,C3,,C_0603_1608Metric,0.1uf,smt,True
167.52,-87.585,180.0,bottom,C30,,C_0603_1608Metric,0.1uf,smt,True
167.52,-103.605,180.0,bottom,C31,,C_0603_1608Metric,0.1uf,smt,True
167.52,-119.545,180.0,bottom,C32,,C_0603_1608Metric,0.1uf,smt,True
190.655,-135.775,0.0,bottom,C33,,C_0603_1608Metric,0.1uf,smt,True
206.775,-135.775,0.0,bottom,C34,,C_0603_1608Metric,0.1uf,smt,True
222.775,-135.775,0.0,bottom,C35,,C_0603_1608Metric,0.1uf,smt,True
238.625,-135.775,0.0,bottom,C36,,C_0603_1608Metric,0.1uf,smt,True
254.72,-135.775,0.0,bottom,C37,,C_0603_1608Metric,0.1uf,smt,True
270.79,-135.775,0.0,bottom,C38,,C_0603_1608Metric,0.1uf,smt,True
263.73,-145.685,180.0,bottom,C39,,C_0603_1608Metric,0.1uf,smt,True
81.21,-97.445,0.0,bottom,C4,,C_0603_1608Metric,0.1uf,smt,True
247.685,-145.685,180.0,bottom,C40,,C_0603_1608Metric,0.1uf,smt,True
231.6,-145.685,180.0,bottom,C41,,C_0603_1608Metric,0.1uf,smt,True
215.675,-145.685,180.0,bottom,C42,,C_0603_1608Metric,0.1uf,smt,True
199.65,-145.685,180.0,bottom,C43,,C_0603_1608Metric,0.1uf,smt,True
183.7,-145.685,180.0,bottom,C44,,C_0603_1608Metric,0.1uf,smt,True
263.65,-162.095,180.0,bottom,C45,,C_0603_1608Metric,0.1uf,smt,True
247.78,-162.095,180.0,bottom,C46,,C_0603_1608Metric,0.1uf,smt,True
248.61,-217.445,180.0,bottom,C47,,C_0603_1608Metric,0.1uf,smt,True
224.41,-240.205,180.0,bottom,C48,,C_0603_1608Metric,0.1uf,smt,True
206.68,-223.815,0.0,bottom,C49,,C_0603_1608Metric,0.1uf,smt,True
46.83,-135.585,0.0,bottom,C5,,C_0603_1608Metric,0.1uf,smt,True
230.73,-199.805,0.0,bottom,C50,,C_0603_1608Metric,0.1uf,smt,True
231.635,-162.095,180.0,bottom,C51,,C_0603_1608Metric,0.1uf,smt,True
215.65,-162.095,180.0,bottom,C52,,C_0603_1608Metric,0.1uf,smt,True
199.69,-162.095,180.0,bottom,C53,,C_0603_1608Metric,0.1uf,smt,True
183.74,-162.095,180.0,bottom,C54,,C_0603_1608Metric,0.1uf,smt,True
167.42,-183.535,180.0,bottom,C55,,C_0603_1608Metric,0.1uf,smt,True
167.42,-199.525,180.0,bottom,C56,,C_0603_1608Metric,0.1uf,smt,True
167.42,-215.565,180.0,bottom,C57,,C_0603_1608Metric,0.1uf,smt,True
167.42,-231.555,180.0,bottom,C58,,C_0603_1608Metric,0.1uf,smt,True
167.42,-247.585,180.0,bottom,C59,,C_0603_1608Metric,0.1uf,smt,True
62.826,-135.585,0.0,bottom,C6,,C_0603_1608Metric,0.1uf,smt,True
167.42,-263.545,180.0,bottom,C60,,C_0603_1608Metric,0.1uf,smt,True
159.17,-257.995,0.0,bottom,C61,,C_0603_1608Metric,0.1uf,smt,True
159.17,-241.985,0.0,bottom,C62,,C_0603_1608Metric,0.1uf,smt,True
159.17,-225.935,0.0,bottom,C63,,C_0603_1608Metric,0.1uf,smt,True
159.17,-209.955,0.0,bottom,C64,,C_0603_1608Metric,0.1uf,smt,True
159.17,-193.955,0.0,bottom,C65,,C_0603_1608Metric,0.1uf,smt,True
159.17,-177.985,0.0,bottom,C66,,C_0603_1608Metric,0.1uf,smt,True
143.03,-257.865,0.0,bottom,C67,,C_0603_1608Metric,0.1uf,smt,True
143.03,-241.915,0.0,bottom,C68,,C_0603_1608Metric,0.1uf,smt,True
79.67,-240.645,180.0,bottom,C69,,C_0603_1608Metric,0.1uf,smt,True
78.822,-135.585,0.0,bottom,C7,,C_0603_1608Metric,0.1uf,smt,True
62.55,-224.145,0.0,bottom,C70,,C_0603_1608Metric,0.1uf,smt,True
86.885,-200.025,0.0,bottom,C71,,C_0603_1608Metric,0.1uf,smt,True
106.13,-217.715,0.0,bottom,C72,,C_0603_1608Metric,0.1uf,smt,True
143.03,-225.955,0.0,bottom,C73,,C_0603_1608Metric,0.1uf,smt,True
143.03,-209.895,0.0,bottom,C74,,C_0603_1608Metric,0.1uf,smt,True
143.03,-193.945,0.0,bottom,C75,,C_0603_1608Metric,0.1uf,smt,True
143.03,-177.915,0.0,bottom,C76,,C_0603_1608Metric,0.1uf,smt,True
119.7,-161.925,180.0,bottom,C77,,C_0603_1608Metric,0.1uf,smt,True
103.66,-161.925,180.0,bottom,C78,,C_0603_1608Metric,0.1uf,smt,True
87.685,-161.925,180.0,bottom,C79,,C_0603_1608Metric,0.1uf,smt,True
94.818,-135.585,0.0,bottom,C8,,C_0603_1608Metric,0.1uf,smt,True
71.66,-161.925,180.0,bottom,C80,,C_0603_1608Metric,0.1uf,smt,True
55.67,-161.925,180.0,bottom,C81,,C_0603_1608Metric,0.1uf,smt,True
39.705,-161.925,180.0,bottom,C82,,C_0603_1608Metric,0.1uf,smt,True
45.145,-152.525,180.0,bottom,C83,,C_0603_1608Metric,0.1uf,smt,True
61.1,-152.525,180.0,bottom,C84,,C_0603_1608Metric,0.1uf,smt,True
77.13,-152.525,180.0,bottom,C85,,C_0603_1608Metric,0.1uf,smt,True
93.06,-152.525,180.0,bottom,C86,,C_0603_1608Metric,0.1uf,smt,True
109.17,-151.945,180.0,bottom,C87,,C_0603_1608Metric,0.1uf,smt,True
125.24,-152.445,180.0,bottom,C88,,C_0603_1608Metric,0.1uf,smt,True
128.05802,-30.64814,-90.0,bottom,C89,,C_0603_1608Metric,10u,smt,True
110.814,-135.585,0.0,bottom,C9,,C_0603_1608Metric,0.1uf,smt,True
128.04802,-33.67314,-90.0,bottom,C90,,C_0603_1608Metric,470pF,smt,True
125.50802,-34.46314,0.0,bottom,C91,,C_0805_2012Metric,2.2uF,smt,True
125.54802,-36.28314,0.0,bottom,C92,,C_0603_1608Metric,10u,smt,True
115.33784,-27.30736,90.0,bottom,C93,,C_0603_1608Metric,10uf,smt,True
116.93784,-27.28736,90.0,bottom,C94,,C_0603_1608Metric,1uf,smt,True
117.33784,-21.75736,90.0,bottom,C95,,C_0603_1608Metric,0.1uf,smt,True
129.35,-126.045,45.0,bottom,C96,,C_0603_1608Metric,10uf,smt,True
143.49,-171.455,-135.0,bottom,C97,,C_0603_1608Metric,10uf,smt,True
196.281,-40.982,90.0,bottom,C98,,C_0603_1608Metric,10uf,smt,True
193.988,-40.15,0.0,bottom,C99,,C_0603_1608Metric,10uf,smt,True
164.795,-21.368,-90.0,bottom,D1,,LED_0603_1608Metric,LED,smt,True
167.385,-21.328,90.0,bottom,D2,,LED_0603_1608Metric,LED,smt,True
169.975,-21.368,-90.0,bottom,D3,,LED_0603_1608Metric,LED,smt,True
172.565,-21.328,90.0,bottom,D4,,LED_0603_1608Metric,LED,smt,True
182.794,-20.693,-90.0,bottom,D5,,LED_0603_1608Metric,LED,smt,True
135.55,-129.645,-45.0,bottom,IC1,,74HC595DQ100118,74HC595D,smt,True
136.712513,-168.412359,135.0,bottom,IC2,,74HC595DQ100118,74HC595D,smt,True
224.341,-36.158,0.0,bottom,J1,,JST_PH_S2B-PH-SM4-TB_1x02-1MP_P2.00mm_Horizontal,Conn_01x02_Male,smt,True
155.23,-22.94736,0.0,bottom,J2,,USB_C_Receptacle_HRO_TYPE-C-31-M-12,USB_C_Receptacle_USB2.0,smt,True
108.65,-54.4,180.0,bottom,J3,,JST_PH_S8B-PH-SM4-TB_1x08-1MP_P2.00mm_Horizontal,Conn_01x08,smt,True
214.967,-36.181,180.0,bottom,J4,,JST_PH_S2B-PH-SM4-TB_1x02-1MP_P2.00mm_Horizontal,Conn_01x02_Male,smt,True
206.067,-35.867,90.0,bottom,L1,,IND1uh,1uH,smt,True
122.14784,-20.81736,-90.0,bottom,LED2,,LED_0603_1608Metric,POW_LED,smt,True
147.38,-27.295,-90.0,bottom,R1,,R_0603_1608Metric,5.1K,smt,True
199.435,-31.302,90.0,bottom,R10,,R_0603_1608Metric,20R,smt,True
206.279,-29.954,90.0,bottom,R11,,R_0603_1608Metric,2R,smt,True
145.67,-27.265,-90.0,bottom,R2,,R_0603_1608Metric,5.1K,smt,True
120.43784,-26.48736,-90.0,bottom,R3,,R_0603_1608Metric,10k,smt,True
118.88784,-26.48736,-90.0,bottom,R4,,R_0603_1608Metric,10k,smt,True
118.06802,-41.81814,0.0,bottom,R5,,R_0603_1608Metric,27R,smt,True
118.08802,-43.39814,0.0,bottom,R6,,R_0603_1608Metric,27R,smt,True
122.05784,-26.43736,-90.0,bottom,R7,,R_0603_1608Metric,470R,smt,True
193.994,-41.723,0.0,bottom,R8,,R_0603_1608Metric,2R,smt,True
200.975,-31.298,90.0,bottom,R9,,R_0603_1608Metric,10k,smt,True
58.98,-77.105,0.0,bottom,RGB1,,SK6812MINI-E_1,SK6812MINI-E_C5149201,tht,True
123.23,-132.755,0.0,bottom,RGB10,,SK6812MINI-E_1,SK6812MINI-E_C5149201,tht,True
139.23,-116.755,90.0,bottom,RGB11,,SK6812MINI-E_1,SK6812MINI-E_C5149201,tht,True
139.23,-100.755,90.0,bottom,RGB12,,SK6812MINI-E_1,SK6812MINI-E_C5149201,tht,True
139.23,-84.755,90.0,bottom,RGB13,,SK6812MINI-E_1,SK6812MINI-E_C5149201,tht,True
139.23,-68.755,90.0,bottom,RGB14,,SK6812MINI-E_1,SK6812MINI-E_C5149201,tht,True
139.23,-52.755,90.0,bottom,RGB15,,SK6812MINI-E_1,SK6812MINI-E_C5149201,tht,True
139.23,-36.755,90.0,bottom,RGB16,,SK6812MINI-E_1,SK6812MINI-E_C5149201,tht,True
155.23,-36.755,-90.0,bottom,RGB17,,SK6812MINI-E_1,SK6812MINI-E_C5149201,tht,True
155.23,-52.755,-90.0,bottom,RGB18,,SK6812MINI-E_1,SK6812MINI-E_C5149201,tht,True
155.23,-68.755,-90.0,bottom,RGB19,,SK6812MINI-E_1,SK6812MINI-E_C5149201,tht,True
83.23,-52.505,0.0,bottom,RGB2,,SK6812MINI-E_1,SK6812MINI-E_C5149201,tht,True
155.23,-84.755,-90.0,bottom,RGB20,,SK6812MINI-E_1,SK6812MINI-E_C5149201,tht,True
155.23,-100.755,-90.0,bottom,RGB21,,SK6812MINI-E_1,SK6812MINI-E_C5149201,tht,True
155.23,-116.755,-90.0,bottom,RGB22,,SK6812MINI-E_1,SK6812MINI-E_C5149201,tht,True
171.23,-36.755,-90.0,bottom,RGB23,,SK6812MINI-E_1,SK6812MINI-E_C5149201,tht,True
171.23,-52.755,-90.0,bottom,RGB24,,SK6812MINI-E_1,SK6812MINI-E_C5149201,tht,True
227.22,-52.505,0.0,bottom,RGB25,,SK6812MINI-E_1,SK6812MINI-E_C5149201,tht,True
252.12,-77.105,180.0,bottom,RGB26,,SK6812MINI-E_1,SK6812MINI-E_C5149201,tht,True
227.22,-100.205,180.0,bottom,RGB27,,SK6812MINI-E_1,SK6812MINI-E_C5149201,tht,True
202.97,-77.105,0.0,bottom,RGB28,,SK6812MINI-E_1,SK6812MINI-E_C5149201,tht,True
171.23,-68.755,-90.0,bottom,RGB29,,SK6812MINI-E_1,SK6812MINI-E_C5149201,tht,True
108.13,-77.105,180.0,bottom,RGB3,,SK6812MINI-E_1,SK6812MINI-E_C5149201,tht,True
171.23,-84.755,-90.0,bottom,RGB30,,SK6812MINI-E_1,SK6812MINI-E_C5149201,tht,True
171.23,-100.755,-90.0,bottom,RGB31,,SK6812MINI-E_1,SK6812MINI-E_C5149201,tht,True
171.23,-116.755,-90.0,bottom,RGB32,,SK6812MINI-E_1,SK6812MINI-E_C5149201,tht,True
187.23,-132.755,0.0,bottom,RGB33,,SK6812MINI-E_1,SK6812MINI-E_C5149201,tht,True
203.23,-132.755,0.0,bottom,RGB34,,SK6812MINI-E_1,SK6812MINI-E_C5149201,tht,True
219.23,-132.755,0.0,bottom,RGB35,,SK6812MINI-E_1,SK6812MINI-E_C5149201,tht,True
235.23,-132.755,0.0,bottom,RGB36,,SK6812MINI-E_1,SK6812MINI-E_C5149201,tht,True
251.23,-132.755,0.0,bottom,RGB37,,SK6812MINI-E_1,SK6812MINI-E_C5149201,tht,True
267.23,-132.755,0.0,bottom,RGB38,,SK6812MINI-E_1,SK6812MINI-E_C5149201,tht,True
267.23,-148.755,180.0,bottom,RGB39,,SK6812MINI-E_1,SK6812MINI-E_C5149201,tht,True
83.23,-100.205,180.0,bottom,RGB4,,SK6812MINI-E_1,SK6812MINI-E_C5149201,tht,True
251.23,-148.755,180.0,bottom,RGB40,,SK6812MINI-E_1,SK6812MINI-E_C5149201,tht,True
235.23,-148.755,180.0,bottom,RGB41,,SK6812MINI-E_1,SK6812MINI-E_C5149201,tht,True
219.23,-148.755,180.0,bottom,RGB42,,SK6812MINI-E_1,SK6812MINI-E_C5149201,tht,True
203.23,-148.755,180.0,bottom,RGB43,,SK6812MINI-E_1,SK6812MINI-E_C5149201,tht,True
187.23,-148.755,180.0,bottom,RGB44,,SK6812MINI-E_1,SK6812MINI-E_C5149201,tht,True
267.23,-164.755,180.0,bottom,RGB45,,SK6812MINI-E_1,SK6812MINI-E_C5149201,tht,True
251.23,-164.755,180.0,bottom,RGB46,,SK6812MINI-E_1,SK6812MINI-E_C5149201,tht,True
252.12,-221.105,180.0,bottom,RGB47,,SK6812MINI-E_1,SK6812MINI-E_C5149201,tht,True
227.22,-244.205,180.0,bottom,RGB48,,SK6812MINI-E_1,SK6812MINI-E_C5149201,tht,True
202.97,-221.105,0.0,bottom,RGB49,,SK6812MINI-E_1,SK6812MINI-E_C5149201,tht,True
43.23,-132.755,0.0,bottom,RGB5,,SK6812MINI-E_1,SK6812MINI-E_C5149201,tht,True
227.22,-196.505,0.0,bottom,RGB50,,SK6812MINI-E_1,SK6812MINI-E_C5149201,tht,True
235.23,-164.755,180.0,bottom,RGB51,,SK6812MINI-E_1,SK6812MINI-E_C5149201,tht,True
219.23,-164.755,180.0,bottom,RGB52,,SK6812MINI-E_1,SK6812MINI-E_C5149201,tht,True
203.23,-164.755,180.0,bottom,RGB53,,SK6812MINI-E_1,SK6812MINI-E_C5149201,tht,True
187.23,-164.755,180.0,bottom,RGB54,,SK6812MINI-E_1,SK6812MINI-E_C5149201,tht,True
171.23,-180.755,-90.0,bottom,RGB55,,SK6812MINI-E_1,SK6812MINI-E_C5149201,tht,True
171.23,-196.755,-90.0,bottom,RGB56,,SK6812MINI-E_1,SK6812MINI-E_C5149201,tht,True
171.23,-212.755,-90.0,bottom,RGB57,,SK6812MINI-E_1,SK6812MINI-E_C5149201,tht,True
171.23,-228.755,-90.0,bottom,RGB58,,SK6812MINI-E_1,SK6812MINI-E_C5149201,tht,True
171.23,-244.755,-90.0,bottom,RGB59,,SK6812MINI-E_1,SK6812MINI-E_C5149201,tht,True
59.23,-132.755,0.0,bottom,RGB6,,SK6812MINI-E_1,SK6812MINI-E_C5149201,tht,True
171.23,-260.755,-90.0,bottom,RGB60,,SK6812MINI-E_1,SK6812MINI-E_C5149201,tht,True
155.23,-260.755,90.0,bottom,RGB61,,SK6812MINI-E_1,SK6812MINI-E_C5149201,tht,True
155.23,-244.755,90.0,bottom,RGB62,,SK6812MINI-E_1,SK6812MINI-E_C5149201,tht,True
155.23,-228.755,90.0,bottom,RGB63,,SK6812MINI-E_1,SK6812MINI-E_C5149201,tht,True
155.23,-212.755,90.0,bottom,RGB64,,SK6812MINI-E_1,SK6812MINI-E_C5149201,tht,True
155.23,-196.755,90.0,bottom,RGB65,,SK6812MINI-E_1,SK6812MINI-E_C5149201,tht,True
155.23,-180.755,90.0,bottom,RGB66,,SK6812MINI-E_1,SK6812MINI-E_C5149201,tht,True
139.23,-260.755,90.0,bottom,RGB67,,SK6812MINI-E_1,SK6812MINI-E_C5149201,tht,True
139.23,-244.755,90.0,bottom,RGB68,,SK6812MINI-E_1,SK6812MINI-E_C5149201,tht,True
83.23,-244.205,180.0,bottom,RGB69,,SK6812MINI-E_1,SK6812MINI-E_C5149201,tht,True
75.23,-132.755,0.0,bottom,RGB7,,SK6812MINI-E_1,SK6812MINI-E_C5149201,tht,True
58.98,-221.105,0.0,bottom,RGB70,,SK6812MINI-E_1,SK6812MINI-E_C5149201,tht,True
83.23,-196.505,0.0,bottom,RGB71,,SK6812MINI-E_1,SK6812MINI-E_C5149201,tht,True
108.13,-221.105,180.0,bottom,RGB72,,SK6812MINI-E_1,SK6812MINI-E_C5149201,tht,True
139.23,-228.755,90.0,bottom,RGB73,,SK6812MINI-E_1,SK6812MINI-E_C5149201,tht,True
139.23,-212.755,90.0,bottom,RGB74,,SK6812MINI-E_1,SK6812MINI-E_C5149201,tht,True
139.23,-196.755,90.0,bottom,RGB75,,SK6812MINI-E_1,SK6812MINI-E_C5149201,tht,True
139.23,-180.755,90.0,bottom,RGB76,,SK6812MINI-E_1,SK6812MINI-E_C5149201,tht,True
123.23,-164.755,180.0,bottom,RGB77,,SK6812MINI-E_1,SK6812MINI-E_C5149201,tht,True
107.23,-164.755,180.0,bottom,RGB78,,SK6812MINI-E_1,SK6812MINI-E_C5149201,tht,True
91.23,-164.755,180.0,bottom,RGB79,,SK6812MINI-E_1,SK6812MINI-E_C5149201,tht,True
91.23,-132.755,0.0,bottom,RGB8,,SK6812MINI-E_1,SK6812MINI-E_C5149201,tht,True
75.23,-164.755,180.0,bottom,RGB80,,SK6812MINI-E_1,SK6812MINI-E_C5149201,tht,True
59.23,-164.755,180.0,bottom,RGB81,,SK6812MINI-E_1,SK6812MINI-E_C5149201,tht,True
43.23,-164.755,180.0,bottom,RGB82,,SK6812MINI-E_1,SK6812MINI-E_C5149201,tht,True
43.23,-148.755,0.0,bottom,RGB83,,SK6812MINI-E_1,SK6812MINI-E_C5149201,tht,True
59.23,-148.755,0.0,bottom,RGB84,,SK6812MINI-E_1,SK6812MINI-E_C5149201,tht,True
75.23,-148.755,0.0,bottom,RGB85,,SK6812MINI-E_1,SK6812MINI-E_C5149201,tht,True
91.23,-148.755,0.0,bottom,RGB86,,SK6812MINI-E_1,SK6812MINI-E_C5149201,tht,True
107.23,-148.755,0.0,bottom,RGB87,,SK6812MINI-E_1,SK6812MINI-E_C5149201,tht,True
123.23,-148.755,0.0,bottom,RGB88,,SK6812MINI-E_1,SK6812MINI-E_C5149201,tht,True
107.23,-132.755,0.0,bottom,RGB9,,SK6812MINI-E_1,SK6812MINI-E_C5149201,tht,True
115.00784,-21.95736,-90.0,bottom,SW1,,Tactile 3x4x2mm TS-A010,Boot,smt,True
119.70784,-21.81736,-90.0,bottom,SW2,,Tactile 3x4x2mm TS-A010,RST,smt,True
178.266,-20.664,180.0,bottom,SW3,,SW-SMD_TS24CA,Boot,tht,True
198.181,-35.559,90.0,bottom,U1,,IP5306-SOP8,IP5306,smt,True
102.48802,-31.90814,180.0,bottom,U3,,ESP32-S3-WROOM-1,ESP32-S3-WROOM-1,smt,True
125.50802,-31.20064,-90.0,bottom,U6,,SOT-23-5,MIC5219-3.3YM5,smt,True
